assignment,duedate,timestamp,student_id,last_name,first_name,email,raw_score,late_submission_penalty,score,max_score
Aula1,,2020-08-09 23:01:32.958837,ronniedilli,,,,0.0,0.0,0.0,14.0
Aula1,,2020-08-14 14:26:42.620134,alexandrepratti,,,,12.0,0.0,12.0,14.0
Aula1,,2020-08-14 15:21:09.710384,alexbenevento,,,,10.0,0.0,10.0,14.0
Aula1,,2020-08-11 02:33:04.190757,alexlopespereira,,,,0.0,0.0,0.0,14.0
Aula1,,2020-08-11 16:48:33.285792,antoniocruzjr,,,,10.0,0.0,10.0,14.0
Aula1,,2020-08-12 13:39:29.891877,arthuribge,,,,14.0,0.0,14.0,14.0
Aula1,,2020-08-14 15:32:19.171472,augustog81,,,,14.0,0.0,14.0,14.0
Aula1,,2020-08-12 17:54:11.695507,fgottselig,,,,10.0,0.0,10.0,14.0
Aula1,,2020-08-13 02:57:21.070494,fer-p,,,,14.0,0.0,14.0,14.0
Aula1,,2020-08-13 19:40:34.626068,borracini,,,,10.0,0.0,10.0,14.0
Aula1,,2020-08-14 00:11:17.363625,chfmartins,,,,0.0,0.0,0.0,14.0
Aula1,,2020-08-13 21:14:28.886463,dermevaljr,,,,14.0,0.0,14.0,14.0
Aula1,,2020-08-23 11:26:33.553312,eduardojd,,,,14.0,0.0,14.0,14.0
Aula1,,2020-08-14 13:42:20.291839,euclidesfagundes,,,,0.0,0.0,0.0,14.0
Aula1,,2020-08-27 23:25:59.048970,fabiolima-ww,,,,13.0,0.0,13.0,14.0
Aula1,,2020-08-20 14:40:18.859231,gchehab,,,,14.0,0.0,14.0,14.0
Aula1,,2020-08-20 03:34:50.865925,gustavomacedo20,,,,10.0,0.0,10.0,14.0
Aula1,,2020-08-11 19:19:39.648003,halisson-gomides,,,,14.0,0.0,14.0,14.0
Aula1,,2020-08-10 13:56:24.151704,joaoluizrabelo,,,,0.0,0.0,0.0,14.0
Aula1,,2020-08-11 14:10:27.805874,jrodrigosousa,,,,14.0,0.0,14.0,14.0
Aula1,,2020-08-14 01:52:11.538477,lago1970,,,,2.0,0.0,2.0,14.0
Aula1,,2020-08-26 18:38:19.209907,marinarcaetano,,,,11.0,0.0,11.0,14.0
Aula1,,2020-08-19 11:22:31.808783,matheusrizzo,,,,11.0,0.0,11.0,14.0
Aula1,,2020-08-21 02:44:49.599712,maxwelfreitas,,,,10.0,0.0,10.0,14.0
Aula1,,2020-08-14 05:43:42.431807,maxwellmeneses,,,,10.0,0.0,10.0,14.0
Aula1,,2020-08-11 17:15:36.307631,mlnunes,,,,14.0,0.0,14.0,14.0
Aula1,,2020-08-25 15:49:16.287271,rasouzamail,,,,9.0,0.0,9.0,14.0
Aula1,,2020-08-15 14:27:17.622302,renatobarbosamedeiros,,,,10.0,0.0,10.0,14.0
Aula1,,2020-08-12 20:31:23.074558,rgildoaraujo,,,,14.0,0.0,14.0,14.0
Aula1,,2020-08-13 23:45:14.269135,rmsantos84,,,,14.0,0.0,14.0,14.0
Aula1,,2020-08-13 21:23:47.327086,rodrigoeaf,,,,10.0,0.0,10.0,14.0
Aula1,,2020-08-14 07:10:39.923184,ronaldoabrao,,,,10.0,0.0,10.0,14.0
Aula1,,2020-08-28 12:39:30.611829,zmalhano,,,,10.0,0.0,10.0,14.0
Aula1,,,rafaelssl,,,,0.0,0.0,0.0,14.0
Aula1,,,luisssguilherme,,,,0.0,0.0,0.0,14.0
Aula1,,,mlnunex,,,,0.0,0.0,0.0,14.0
Aula1,,,leila2905,,,,0.0,0.0,0.0,14.0
Aula1_v2,,,ronniedilli,,,,0.0,0.0,0.0,14.0
Aula1_v2,,,alexandrepratti,,,,0.0,0.0,0.0,14.0
Aula1_v2,,,alexbenevento,,,,0.0,0.0,0.0,14.0
Aula1_v2,,,alexlopespereira,,,,0.0,0.0,0.0,14.0
Aula1_v2,,,antoniocruzjr,,,,0.0,0.0,0.0,14.0
Aula1_v2,,,arthuribge,,,,0.0,0.0,0.0,14.0
Aula1_v2,,2020-08-23 15:33:15.819678,augustog81,,,,14.0,0.0,14.0,14.0
Aula1_v2,,,fgottselig,,,,0.0,0.0,0.0,14.0
Aula1_v2,,,fer-p,,,,0.0,0.0,0.0,14.0
Aula1_v2,,,borracini,,,,0.0,0.0,0.0,14.0
Aula1_v2,,,chfmartins,,,,0.0,0.0,0.0,14.0
Aula1_v2,,,dermevaljr,,,,0.0,0.0,0.0,14.0
Aula1_v2,,,eduardojd,,,,0.0,0.0,0.0,14.0
Aula1_v2,,2020-08-14 13:42:24.305489,euclidesfagundes,,,,0.0,0.0,0.0,14.0
Aula1_v2,,,fabiolima-ww,,,,0.0,0.0,0.0,14.0
Aula1_v2,,,gchehab,,,,0.0,0.0,0.0,14.0
Aula1_v2,,2020-08-20 03:34:56.180623,gustavomacedo20,,,,4.0,0.0,4.0,14.0
Aula1_v2,,,halisson-gomides,,,,0.0,0.0,0.0,14.0
Aula1_v2,,,joaoluizrabelo,,,,0.0,0.0,0.0,14.0
Aula1_v2,,,jrodrigosousa,,,,0.0,0.0,0.0,14.0
Aula1_v2,,,lago1970,,,,0.0,0.0,0.0,14.0
Aula1_v2,,2020-08-24 17:57:52.870183,marinarcaetano,,,,1.0,0.0,1.0,14.0
Aula1_v2,,2020-08-19 11:22:37.777518,matheusrizzo,,,,10.0,0.0,10.0,14.0
Aula1_v2,,2020-08-21 02:44:56.473841,maxwelfreitas,,,,0.0,0.0,0.0,14.0
Aula1_v2,,,maxwellmeneses,,,,0.0,0.0,0.0,14.0
Aula1_v2,,,mlnunes,,,,0.0,0.0,0.0,14.0
Aula1_v2,,2020-08-25 15:48:56.645363,rasouzamail,,,,0.0,0.0,0.0,14.0
Aula1_v2,,2020-08-29 12:27:31.623976,renatobarbosamedeiros,,,,0.0,0.0,0.0,14.0
Aula1_v2,,,rgildoaraujo,,,,0.0,0.0,0.0,14.0
Aula1_v2,,,rmsantos84,,,,0.0,0.0,0.0,14.0
Aula1_v2,,,rodrigoeaf,,,,0.0,0.0,0.0,14.0
Aula1_v2,,,ronaldoabrao,,,,0.0,0.0,0.0,14.0
Aula1_v2,,,zmalhano,,,,0.0,0.0,0.0,14.0
Aula1_v2,,2020-08-14 23:41:03.382949,rafaelssl,,,,13.0,0.0,13.0,14.0
Aula1_v2,,2020-08-19 21:17:31.966188,luisssguilherme,,,,14.0,0.0,14.0,14.0
Aula1_v2,,2020-08-21 11:52:22.685368,mlnunex,,,,14.0,0.0,14.0,14.0
Aula1_v2,,2020-08-24 12:15:50.081403,leila2905,,,,11.0,0.0,11.0,14.0
Aula2,,,ronniedilli,,,,0.0,0.0,0.0,10.0
Aula2,,,alexandrepratti,,,,0.0,0.0,0.0,10.0
Aula2,,2020-08-19 19:22:44.371201,alexbenevento,,,,7.0,0.0,7.0,10.0
Aula2,,2020-08-17 11:05:32.815166,alexlopespereira,,,,0.0,0.0,0.0,10.0
Aula2,,2020-08-14 22:21:59.043192,antoniocruzjr,,,,6.0,0.0,6.0,10.0
Aula2,,2020-08-14 21:48:41.676124,arthuribge,,,,10.0,0.0,10.0,10.0
Aula2,,2020-08-19 13:02:52.015789,augustog81,,,,10.0,0.0,10.0,10.0
Aula2,,,fgottselig,,,,0.0,0.0,0.0,10.0
Aula2,,2020-08-17 02:04:38.461712,fer-p,,,,10.0,0.0,10.0,10.0
Aula2,,2020-08-16 14:44:50.153340,borracini,,,,7.0,0.0,7.0,10.0
Aula2,,,chfmartins,,,,0.0,0.0,0.0,10.0
Aula2,,2020-08-17 04:09:03.868195,dermevaljr,,,,6.0,0.0,6.0,10.0
Aula2,,2020-08-23 11:26:56.621739,eduardojd,,,,10.0,0.0,10.0,10.0
Aula2,,2020-08-14 13:42:42.768511,euclidesfagundes,,,,0.0,0.0,0.0,10.0
Aula2,,2020-08-27 23:44:02.787781,fabiolima-ww,,,,10.0,0.0,10.0,10.0
Aula2,,2020-08-20 14:40:14.768746,gchehab,,,,10.0,0.0,10.0,10.0
Aula2,,2020-08-20 03:35:01.025849,gustavomacedo20,,,,7.0,0.0,7.0,10.0
Aula2,,2020-08-15 23:26:19.041653,halisson-gomides,,,,10.0,0.0,10.0,10.0
Aula2,,,joaoluizrabelo,,,,0.0,0.0,0.0,10.0
Aula2,,2020-08-14 00:52:12.651045,jrodrigosousa,,,,10.0,0.0,10.0,10.0
Aula2,,,lago1970,,,,0.0,0.0,0.0,10.0
Aula2,,2020-08-26 18:38:14.360190,marinarcaetano,,,,7.0,0.0,7.0,10.0
Aula2,,,matheusrizzo,,,,0.0,0.0,0.0,10.0
Aula2,,2020-08-21 02:45:00.457875,maxwelfreitas,,,,9.0,0.0,9.0,10.0
Aula2,,2020-08-19 11:31:02.548555,maxwellmeneses,,,,7.0,0.0,7.0,10.0
Aula2,,2020-08-15 22:27:35.196516,mlnunes,,,,10.0,0.0,10.0,10.0
Aula2,,2020-08-18 23:18:40.081319,rasouzamail,,,,6.0,0.0,6.0,10.0
Aula2,,2020-08-29 12:27:40.501106,renatobarbosamedeiros,,,,7.0,0.0,7.0,10.0
Aula2,,2020-08-17 22:16:28.247096,rgildoaraujo,,,,10.0,0.0,10.0,10.0
Aula2,,2020-08-17 22:45:58.490325,rmsantos84,,,,10.0,0.0,10.0,10.0
Aula2,,2020-08-17 02:17:35.630996,rodrigoeaf,,,,8.0,0.0,8.0,10.0
Aula2,,2020-08-17 06:37:35.212094,ronaldoabrao,,,,7.0,0.0,7.0,10.0
Aula2,,2020-08-27 01:47:06.022224,zmalhano,,,,7.0,0.0,7.0,10.0
Aula2,,,rafaelssl,,,,0.0,0.0,0.0,10.0
Aula2,,,luisssguilherme,,,,0.0,0.0,0.0,10.0
Aula2,,,mlnunex,,,,0.0,0.0,0.0,10.0
Aula2,,,leila2905,,,,0.0,0.0,0.0,10.0
Aula2_v1,,,ronniedilli,,,,0.0,0.0,0.0,10.0
Aula2_v1,,2020-08-17 02:11:27.966626,alexandrepratti,,,,7.0,0.0,7.0,10.0
Aula2_v1,,,alexbenevento,,,,0.0,0.0,0.0,10.0
Aula2_v1,,,alexlopespereira,,,,0.0,0.0,0.0,10.0
Aula2_v1,,,antoniocruzjr,,,,0.0,0.0,0.0,10.0
Aula2_v1,,,arthuribge,,,,0.0,0.0,0.0,10.0
Aula2_v1,,2020-08-23 15:19:32.923561,augustog81,,,,10.0,0.0,10.0,10.0
Aula2_v1,,2020-08-15 13:52:29.541655,fgottselig,,,,7.0,0.0,7.0,10.0
Aula2_v1,,,fer-p,,,,0.0,0.0,0.0,10.0
Aula2_v1,,,borracini,,,,0.0,0.0,0.0,10.0
Aula2_v1,,,chfmartins,,,,0.0,0.0,0.0,10.0
Aula2_v1,,,dermevaljr,,,,0.0,0.0,0.0,10.0
Aula2_v1,,,eduardojd,,,,0.0,0.0,0.0,10.0
Aula2_v1,,2020-08-14 18:04:03.864180,euclidesfagundes,,,,0.0,0.0,0.0,10.0
Aula2_v1,,,fabiolima-ww,,,,0.0,0.0,0.0,10.0
Aula2_v1,,,gchehab,,,,0.0,0.0,0.0,10.0
Aula2_v1,,2020-08-20 03:35:06.321997,gustavomacedo20,,,,3.0,0.0,3.0,10.0
Aula2_v1,,,halisson-gomides,,,,0.0,0.0,0.0,10.0
Aula2_v1,,,joaoluizrabelo,,,,0.0,0.0,0.0,10.0
Aula2_v1,,,jrodrigosousa,,,,0.0,0.0,0.0,10.0
Aula2_v1,,,lago1970,,,,0.0,0.0,0.0,10.0
Aula2_v1,,2020-08-26 18:38:09.549378,marinarcaetano,,,,3.0,0.0,3.0,10.0
Aula2_v1,,,matheusrizzo,,,,0.0,0.0,0.0,10.0
Aula2_v1,,2020-08-21 02:45:04.499997,maxwelfreitas,,,,0.0,0.0,0.0,10.0
Aula2_v1,,,maxwellmeneses,,,,0.0,0.0,0.0,10.0
Aula2_v1,,,mlnunes,,,,0.0,0.0,0.0,10.0
Aula2_v1,,,rasouzamail,,,,0.0,0.0,0.0,10.0
Aula2_v1,,,renatobarbosamedeiros,,,,0.0,0.0,0.0,10.0
Aula2_v1,,,rgildoaraujo,,,,0.0,0.0,0.0,10.0
Aula2_v1,,,rmsantos84,,,,0.0,0.0,0.0,10.0
Aula2_v1,,,rodrigoeaf,,,,0.0,0.0,0.0,10.0
Aula2_v1,,,ronaldoabrao,,,,0.0,0.0,0.0,10.0
Aula2_v1,,,zmalhano,,,,0.0,0.0,0.0,10.0
Aula2_v1,,2020-08-16 23:08:17.794759,rafaelssl,,,,7.0,0.0,7.0,10.0
Aula2_v1,,2020-08-21 19:20:39.915502,luisssguilherme,,,,10.0,0.0,10.0,10.0
Aula2_v1,,2020-08-21 11:52:39.918375,mlnunex,,,,10.0,0.0,10.0,10.0
Aula2_v1,,,leila2905,,,,0.0,0.0,0.0,10.0
Aula3_v4,,,ronniedilli,,,,0.0,0.0,0.0,11.0
Aula3_v4,,,alexandrepratti,,,,0.0,0.0,0.0,11.0
Aula3_v4,,,alexbenevento,,,,0.0,0.0,0.0,11.0
Aula3_v4,,,alexlopespereira,,,,0.0,0.0,0.0,11.0
Aula3_v4,,,antoniocruzjr,,,,0.0,0.0,0.0,11.0
Aula3_v4,,,arthuribge,,,,0.0,0.0,0.0,11.0
Aula3_v4,,,augustog81,,,,0.0,0.0,0.0,11.0
Aula3_v4,,,fgottselig,,,,0.0,0.0,0.0,11.0
Aula3_v4,,,fer-p,,,,0.0,0.0,0.0,11.0
Aula3_v4,,,borracini,,,,0.0,0.0,0.0,11.0
Aula3_v4,,,chfmartins,,,,0.0,0.0,0.0,11.0
Aula3_v4,,,dermevaljr,,,,0.0,0.0,0.0,11.0
Aula3_v4,,,eduardojd,,,,0.0,0.0,0.0,11.0
Aula3_v4,,,euclidesfagundes,,,,0.0,0.0,0.0,11.0
Aula3_v4,,,fabiolima-ww,,,,0.0,0.0,0.0,11.0
Aula3_v4,,,gchehab,,,,0.0,0.0,0.0,11.0
Aula3_v4,,,gustavomacedo20,,,,0.0,0.0,0.0,11.0
Aula3_v4,,,halisson-gomides,,,,0.0,0.0,0.0,11.0
Aula3_v4,,,joaoluizrabelo,,,,0.0,0.0,0.0,11.0
Aula3_v4,,,jrodrigosousa,,,,0.0,0.0,0.0,11.0
Aula3_v4,,,lago1970,,,,0.0,0.0,0.0,11.0
Aula3_v4,,,marinarcaetano,,,,0.0,0.0,0.0,11.0
Aula3_v4,,,matheusrizzo,,,,0.0,0.0,0.0,11.0
Aula3_v4,,,maxwelfreitas,,,,0.0,0.0,0.0,11.0
Aula3_v4,,,maxwellmeneses,,,,0.0,0.0,0.0,11.0
Aula3_v4,,,mlnunes,,,,0.0,0.0,0.0,11.0
Aula3_v4,,,rasouzamail,,,,0.0,0.0,0.0,11.0
Aula3_v4,,,renatobarbosamedeiros,,,,0.0,0.0,0.0,11.0
Aula3_v4,,,rgildoaraujo,,,,0.0,0.0,0.0,11.0
Aula3_v4,,2020-08-28 23:27:39.577614,rmsantos84,,,,11.0,0.0,11.0,11.0
Aula3_v4,,,rodrigoeaf,,,,0.0,0.0,0.0,11.0
Aula3_v4,,,ronaldoabrao,,,,0.0,0.0,0.0,11.0
Aula3_v4,,,zmalhano,,,,0.0,0.0,0.0,11.0
Aula3_v4,,,rafaelssl,,,,0.0,0.0,0.0,11.0
Aula3_v4,,2020-08-29 21:32:52.171428,luisssguilherme,,,,10.0,0.0,10.0,11.0
Aula3_v4,,,mlnunex,,,,0.0,0.0,0.0,11.0
Aula3_v4,,,leila2905,,,,0.0,0.0,0.0,11.0
Aula4_v5,,,ronniedilli,,,,0.0,0.0,0.0,7.0
Aula4_v5,,,alexandrepratti,,,,0.0,0.0,0.0,7.0
Aula4_v5,,,alexbenevento,,,,0.0,0.0,0.0,7.0
Aula4_v5,,,alexlopespereira,,,,0.0,0.0,0.0,7.0
Aula4_v5,,,antoniocruzjr,,,,0.0,0.0,0.0,7.0
Aula4_v5,,,arthuribge,,,,0.0,0.0,0.0,7.0
Aula4_v5,,,augustog81,,,,0.0,0.0,0.0,7.0
Aula4_v5,,,fgottselig,,,,0.0,0.0,0.0,7.0
Aula4_v5,,,fer-p,,,,0.0,0.0,0.0,7.0
Aula4_v5,,,borracini,,,,0.0,0.0,0.0,7.0
Aula4_v5,,,chfmartins,,,,0.0,0.0,0.0,7.0
Aula4_v5,,,dermevaljr,,,,0.0,0.0,0.0,7.0
Aula4_v5,,,eduardojd,,,,0.0,0.0,0.0,7.0
Aula4_v5,,,euclidesfagundes,,,,0.0,0.0,0.0,7.0
Aula4_v5,,,fabiolima-ww,,,,0.0,0.0,0.0,7.0
Aula4_v5,,,gchehab,,,,0.0,0.0,0.0,7.0
Aula4_v5,,,gustavomacedo20,,,,0.0,0.0,0.0,7.0
Aula4_v5,,,halisson-gomides,,,,0.0,0.0,0.0,7.0
Aula4_v5,,,joaoluizrabelo,,,,0.0,0.0,0.0,7.0
Aula4_v5,,,jrodrigosousa,,,,0.0,0.0,0.0,7.0
Aula4_v5,,,lago1970,,,,0.0,0.0,0.0,7.0
Aula4_v5,,,marinarcaetano,,,,0.0,0.0,0.0,7.0
Aula4_v5,,,matheusrizzo,,,,0.0,0.0,0.0,7.0
Aula4_v5,,,maxwelfreitas,,,,0.0,0.0,0.0,7.0
Aula4_v5,,,maxwellmeneses,,,,0.0,0.0,0.0,7.0
Aula4_v5,,,mlnunes,,,,0.0,0.0,0.0,7.0
Aula4_v5,,,rasouzamail,,,,0.0,0.0,0.0,7.0
Aula4_v5,,,renatobarbosamedeiros,,,,0.0,0.0,0.0,7.0
Aula4_v5,,,rgildoaraujo,,,,0.0,0.0,0.0,7.0
Aula4_v5,,,rmsantos84,,,,0.0,0.0,0.0,7.0
Aula4_v5,,,rodrigoeaf,,,,0.0,0.0,0.0,7.0
Aula4_v5,,,ronaldoabrao,,,,0.0,0.0,0.0,7.0
Aula4_v5,,,zmalhano,,,,0.0,0.0,0.0,7.0
Aula4_v5,,,rafaelssl,,,,0.0,0.0,0.0,7.0
Aula4_v5,,,luisssguilherme,,,,0.0,0.0,0.0,7.0
Aula4_v5,,,mlnunex,,,,0.0,0.0,0.0,7.0
Aula4_v5,,,leila2905,,,,0.0,0.0,0.0,7.0
Aula6,,,ronniedilli,,,,0.0,0.0,0.0,0.0
Aula6,,,alexandrepratti,,,,0.0,0.0,0.0,0.0
Aula6,,,alexbenevento,,,,0.0,0.0,0.0,0.0
Aula6,,,alexlopespereira,,,,0.0,0.0,0.0,0.0
Aula6,,,antoniocruzjr,,,,0.0,0.0,0.0,0.0
Aula6,,,arthuribge,,,,0.0,0.0,0.0,0.0
Aula6,,,augustog81,,,,0.0,0.0,0.0,0.0
Aula6,,,fgottselig,,,,0.0,0.0,0.0,0.0
Aula6,,,fer-p,,,,0.0,0.0,0.0,0.0
Aula6,,,borracini,,,,0.0,0.0,0.0,0.0
Aula6,,,chfmartins,,,,0.0,0.0,0.0,0.0
Aula6,,,dermevaljr,,,,0.0,0.0,0.0,0.0
Aula6,,,eduardojd,,,,0.0,0.0,0.0,0.0
Aula6,,,euclidesfagundes,,,,0.0,0.0,0.0,0.0
Aula6,,,fabiolima-ww,,,,0.0,0.0,0.0,0.0
Aula6,,,gchehab,,,,0.0,0.0,0.0,0.0
Aula6,,,gustavomacedo20,,,,0.0,0.0,0.0,0.0
Aula6,,,halisson-gomides,,,,0.0,0.0,0.0,0.0
Aula6,,,joaoluizrabelo,,,,0.0,0.0,0.0,0.0
Aula6,,,jrodrigosousa,,,,0.0,0.0,0.0,0.0
Aula6,,,lago1970,,,,0.0,0.0,0.0,0.0
Aula6,,,marinarcaetano,,,,0.0,0.0,0.0,0.0
Aula6,,,matheusrizzo,,,,0.0,0.0,0.0,0.0
Aula6,,,maxwelfreitas,,,,0.0,0.0,0.0,0.0
Aula6,,,maxwellmeneses,,,,0.0,0.0,0.0,0.0
Aula6,,,mlnunes,,,,0.0,0.0,0.0,0.0
Aula6,,,rasouzamail,,,,0.0,0.0,0.0,0.0
Aula6,,,renatobarbosamedeiros,,,,0.0,0.0,0.0,0.0
Aula6,,,rgildoaraujo,,,,0.0,0.0,0.0,0.0
Aula6,,,rmsantos84,,,,0.0,0.0,0.0,0.0
Aula6,,,rodrigoeaf,,,,0.0,0.0,0.0,0.0
Aula6,,,ronaldoabrao,,,,0.0,0.0,0.0,0.0
Aula6,,,zmalhano,,,,0.0,0.0,0.0,0.0
Aula6,,,rafaelssl,,,,0.0,0.0,0.0,0.0
Aula6,,,luisssguilherme,,,,0.0,0.0,0.0,0.0
Aula6,,,mlnunex,,,,0.0,0.0,0.0,0.0
Aula6,,,leila2905,,,,0.0,0.0,0.0,0.0
CD_Aula3,,,ronniedilli,,,,0.0,0.0,0.0,11.0
CD_Aula3,,,alexandrepratti,,,,0.0,0.0,0.0,11.0
CD_Aula3,,,alexbenevento,,,,0.0,0.0,0.0,11.0
CD_Aula3,,,alexlopespereira,,,,0.0,0.0,0.0,11.0
CD_Aula3,,,antoniocruzjr,,,,0.0,0.0,0.0,11.0
CD_Aula3,,,arthuribge,,,,0.0,0.0,0.0,11.0
CD_Aula3,,,augustog81,,,,0.0,0.0,0.0,11.0
CD_Aula3,,,fgottselig,,,,0.0,0.0,0.0,11.0
CD_Aula3,,,fer-p,,,,0.0,0.0,0.0,11.0
CD_Aula3,,,borracini,,,,0.0,0.0,0.0,11.0
CD_Aula3,,,chfmartins,,,,0.0,0.0,0.0,11.0
CD_Aula3,,,dermevaljr,,,,0.0,0.0,0.0,11.0
CD_Aula3,,,eduardojd,,,,0.0,0.0,0.0,11.0
CD_Aula3,,2020-08-17 14:29:56.351139,euclidesfagundes,,,,0.0,0.0,0.0,11.0
CD_Aula3,,,fabiolima-ww,,,,0.0,0.0,0.0,11.0
CD_Aula3,,,gchehab,,,,0.0,0.0,0.0,11.0
CD_Aula3,,,gustavomacedo20,,,,0.0,0.0,0.0,11.0
CD_Aula3,,,halisson-gomides,,,,0.0,0.0,0.0,11.0
CD_Aula3,,,joaoluizrabelo,,,,0.0,0.0,0.0,11.0
CD_Aula3,,,jrodrigosousa,,,,0.0,0.0,0.0,11.0
CD_Aula3,,,lago1970,,,,0.0,0.0,0.0,11.0
CD_Aula3,,,marinarcaetano,,,,0.0,0.0,0.0,11.0
CD_Aula3,,,matheusrizzo,,,,0.0,0.0,0.0,11.0
CD_Aula3,,,maxwelfreitas,,,,0.0,0.0,0.0,11.0
CD_Aula3,,,maxwellmeneses,,,,0.0,0.0,0.0,11.0
CD_Aula3,,,mlnunes,,,,0.0,0.0,0.0,11.0
CD_Aula3,,,rasouzamail,,,,0.0,0.0,0.0,11.0
CD_Aula3,,,renatobarbosamedeiros,,,,0.0,0.0,0.0,11.0
CD_Aula3,,,rgildoaraujo,,,,0.0,0.0,0.0,11.0
CD_Aula3,,,rmsantos84,,,,0.0,0.0,0.0,11.0
CD_Aula3,,,rodrigoeaf,,,,0.0,0.0,0.0,11.0
CD_Aula3,,,ronaldoabrao,,,,0.0,0.0,0.0,11.0
CD_Aula3,,,zmalhano,,,,0.0,0.0,0.0,11.0
CD_Aula3,,,rafaelssl,,,,0.0,0.0,0.0,11.0
CD_Aula3,,,luisssguilherme,,,,0.0,0.0,0.0,11.0
CD_Aula3,,,mlnunex,,,,0.0,0.0,0.0,11.0
CD_Aula3,,,leila2905,,,,0.0,0.0,0.0,11.0
CD_Aula3_v2,,,ronniedilli,,,,0.0,0.0,0.0,11.0
CD_Aula3_v2,,,alexandrepratti,,,,0.0,0.0,0.0,11.0
CD_Aula3_v2,,,alexbenevento,,,,0.0,0.0,0.0,11.0
CD_Aula3_v2,,,alexlopespereira,,,,0.0,0.0,0.0,11.0
CD_Aula3_v2,,,antoniocruzjr,,,,0.0,0.0,0.0,11.0
CD_Aula3_v2,,,arthuribge,,,,0.0,0.0,0.0,11.0
CD_Aula3_v2,,2020-08-19 11:46:56.327708,augustog81,,,,7.0,0.0,7.0,11.0
CD_Aula3_v2,,,fgottselig,,,,0.0,0.0,0.0,11.0
CD_Aula3_v2,,,fer-p,,,,0.0,0.0,0.0,11.0
CD_Aula3_v2,,,borracini,,,,0.0,0.0,0.0,11.0
CD_Aula3_v2,,,chfmartins,,,,0.0,0.0,0.0,11.0
CD_Aula3_v2,,,dermevaljr,,,,0.0,0.0,0.0,11.0
CD_Aula3_v2,,,eduardojd,,,,0.0,0.0,0.0,11.0
CD_Aula3_v2,,,euclidesfagundes,,,,0.0,0.0,0.0,11.0
CD_Aula3_v2,,,fabiolima-ww,,,,0.0,0.0,0.0,11.0
CD_Aula3_v2,,,gchehab,,,,0.0,0.0,0.0,11.0
CD_Aula3_v2,,,gustavomacedo20,,,,0.0,0.0,0.0,11.0
CD_Aula3_v2,,,halisson-gomides,,,,0.0,0.0,0.0,11.0
CD_Aula3_v2,,,joaoluizrabelo,,,,0.0,0.0,0.0,11.0
CD_Aula3_v2,,,jrodrigosousa,,,,0.0,0.0,0.0,11.0
CD_Aula3_v2,,,lago1970,,,,0.0,0.0,0.0,11.0
CD_Aula3_v2,,2020-08-26 18:38:04.766306,marinarcaetano,,,,7.0,0.0,7.0,11.0
CD_Aula3_v2,,,matheusrizzo,,,,0.0,0.0,0.0,11.0
CD_Aula3_v2,,2020-08-21 02:45:08.575420,maxwelfreitas,,,,0.0,0.0,0.0,11.0
CD_Aula3_v2,,,maxwellmeneses,,,,0.0,0.0,0.0,11.0
CD_Aula3_v2,,,mlnunes,,,,0.0,0.0,0.0,11.0
CD_Aula3_v2,,,rasouzamail,,,,0.0,0.0,0.0,11.0
CD_Aula3_v2,,,renatobarbosamedeiros,,,,0.0,0.0,0.0,11.0
CD_Aula3_v2,,,rgildoaraujo,,,,0.0,0.0,0.0,11.0
CD_Aula3_v2,,,rmsantos84,,,,0.0,0.0,0.0,11.0
CD_Aula3_v2,,,rodrigoeaf,,,,0.0,0.0,0.0,11.0
CD_Aula3_v2,,,ronaldoabrao,,,,0.0,0.0,0.0,11.0
CD_Aula3_v2,,,zmalhano,,,,0.0,0.0,0.0,11.0
CD_Aula3_v2,,,rafaelssl,,,,0.0,0.0,0.0,11.0
CD_Aula3_v2,,,luisssguilherme,,,,0.0,0.0,0.0,11.0
CD_Aula3_v2,,,mlnunex,,,,0.0,0.0,0.0,11.0
CD_Aula3_v2,,,leila2905,,,,0.0,0.0,0.0,11.0
CD_Aula3_v3,,,ronniedilli,,,,0.0,0.0,0.0,11.0
CD_Aula3_v3,,2020-08-25 13:21:00.610454,alexandrepratti,,,,8.0,0.0,8.0,11.0
CD_Aula3_v3,,,alexbenevento,,,,0.0,0.0,0.0,11.0
CD_Aula3_v3,,,alexlopespereira,,,,0.0,0.0,0.0,11.0
CD_Aula3_v3,,,antoniocruzjr,,,,0.0,0.0,0.0,11.0
CD_Aula3_v3,,2020-08-19 12:55:40.977178,arthuribge,,,,8.0,0.0,8.0,11.0
CD_Aula3_v3,,2020-08-23 14:55:14.661853,augustog81,,,,10.0,0.0,10.0,11.0
CD_Aula3_v3,,2020-08-20 20:30:11.396660,fgottselig,,,,8.0,0.0,8.0,11.0
CD_Aula3_v3,,2020-08-20 02:56:41.842280,fer-p,,,,8.0,0.0,8.0,11.0
CD_Aula3_v3,,,borracini,,,,0.0,0.0,0.0,11.0
CD_Aula3_v3,,,chfmartins,,,,0.0,0.0,0.0,11.0
CD_Aula3_v3,,2020-08-21 15:38:36.122511,dermevaljr,,,,8.0,0.0,8.0,11.0
CD_Aula3_v3,,2020-08-23 11:28:13.953467,eduardojd,,,,8.0,0.0,8.0,11.0
CD_Aula3_v3,,2020-08-20 13:40:21.509734,euclidesfagundes,,,,0.0,0.0,0.0,11.0
CD_Aula3_v3,,2020-08-27 23:25:26.880151,fabiolima-ww,,,,8.0,0.0,8.0,11.0
CD_Aula3_v3,,2020-08-20 14:40:06.769240,gchehab,,,,11.0,0.0,11.0,11.0
CD_Aula3_v3,,2020-08-21 23:54:53.886822,gustavomacedo20,,,,11.0,0.0,11.0,11.0
CD_Aula3_v3,,2020-08-21 22:34:45.686621,halisson-gomides,,,,9.0,0.0,9.0,11.0
CD_Aula3_v3,,,joaoluizrabelo,,,,0.0,0.0,0.0,11.0
CD_Aula3_v3,,2020-08-26 18:13:44.951416,jrodrigosousa,,,,9.0,0.0,9.0,11.0
CD_Aula3_v3,,,lago1970,,,,0.0,0.0,0.0,11.0
CD_Aula3_v3,,2020-08-26 18:38:00.031295,marinarcaetano,,,,0.0,0.0,0.0,11.0
CD_Aula3_v3,,,matheusrizzo,,,,0.0,0.0,0.0,11.0
CD_Aula3_v3,,2020-08-21 02:45:12.693154,maxwelfreitas,,,,8.0,0.0,8.0,11.0
CD_Aula3_v3,,2020-08-28 11:49:28.482763,maxwellmeneses,,,,8.0,0.0,8.0,11.0
CD_Aula3_v3,,,mlnunes,,,,0.0,0.0,0.0,11.0
CD_Aula3_v3,,2020-08-25 15:48:37.948884,rasouzamail,,,,8.0,0.0,8.0,11.0
CD_Aula3_v3,,2020-08-29 12:27:06.664419,renatobarbosamedeiros,,,,8.0,0.0,8.0,11.0
CD_Aula3_v3,,,rgildoaraujo,,,,0.0,0.0,0.0,11.0
CD_Aula3_v3,,2020-08-23 14:36:49.985443,rmsantos84,,,,9.0,0.0,9.0,11.0
CD_Aula3_v3,,2020-08-24 14:58:46.147474,rodrigoeaf,,,,8.0,0.0,8.0,11.0
CD_Aula3_v3,,2020-08-21 15:09:07.992354,ronaldoabrao,,,,8.0,0.0,8.0,11.0
CD_Aula3_v3,,2020-08-26 18:54:55.759656,zmalhano,,,,6.0,0.0,6.0,11.0
CD_Aula3_v3,,2020-08-21 19:54:20.725804,rafaelssl,,,,8.0,0.0,8.0,11.0
CD_Aula3_v3,,,luisssguilherme,,,,0.0,0.0,0.0,11.0
CD_Aula3_v3,,2020-08-21 11:51:11.446422,mlnunex,,,,8.0,0.0,8.0,11.0
CD_Aula3_v3,,,leila2905,,,,0.0,0.0,0.0,11.0
CD_Aula4,,,ronniedilli,,,,0.0,0.0,0.0,7.0
CD_Aula4,,,alexandrepratti,,,,0.0,0.0,0.0,7.0
CD_Aula4,,,alexbenevento,,,,0.0,0.0,0.0,7.0
CD_Aula4,,,alexlopespereira,,,,0.0,0.0,0.0,7.0
CD_Aula4,,,antoniocruzjr,,,,0.0,0.0,0.0,7.0
CD_Aula4,,,arthuribge,,,,0.0,0.0,0.0,7.0
CD_Aula4,,2020-08-21 13:14:44.670951,augustog81,,,,7.0,0.0,7.0,7.0
CD_Aula4,,,fgottselig,,,,0.0,0.0,0.0,7.0
CD_Aula4,,,fer-p,,,,0.0,0.0,0.0,7.0
CD_Aula4,,,borracini,,,,0.0,0.0,0.0,7.0
CD_Aula4,,,chfmartins,,,,0.0,0.0,0.0,7.0
CD_Aula4,,,dermevaljr,,,,0.0,0.0,0.0,7.0
CD_Aula4,,,eduardojd,,,,0.0,0.0,0.0,7.0
CD_Aula4,,2020-08-20 13:40:25.506716,euclidesfagundes,,,,0.0,0.0,0.0,7.0
CD_Aula4,,,fabiolima-ww,,,,0.0,0.0,0.0,7.0
CD_Aula4,,2020-08-20 14:40:10.782020,gchehab,,,,7.0,0.0,7.0,7.0
CD_Aula4,,,gustavomacedo20,,,,0.0,0.0,0.0,7.0
CD_Aula4,,,halisson-gomides,,,,0.0,0.0,0.0,7.0
CD_Aula4,,,joaoluizrabelo,,,,0.0,0.0,0.0,7.0
CD_Aula4,,2020-08-26 18:17:49.061912,jrodrigosousa,,,,7.0,0.0,7.0,7.0
CD_Aula4,,,lago1970,,,,0.0,0.0,0.0,7.0
CD_Aula4,,2020-08-26 18:37:55.386798,marinarcaetano,,,,1.0,0.0,1.0,7.0
CD_Aula4,,,matheusrizzo,,,,0.0,0.0,0.0,7.0
CD_Aula4,,,maxwelfreitas,,,,0.0,0.0,0.0,7.0
CD_Aula4,,,maxwellmeneses,,,,0.0,0.0,0.0,7.0
CD_Aula4,,,mlnunes,,,,0.0,0.0,0.0,7.0
CD_Aula4,,,rasouzamail,,,,0.0,0.0,0.0,7.0
CD_Aula4,,,renatobarbosamedeiros,,,,0.0,0.0,0.0,7.0
CD_Aula4,,,rgildoaraujo,,,,0.0,0.0,0.0,7.0
CD_Aula4,,,rmsantos84,,,,0.0,0.0,0.0,7.0
CD_Aula4,,,rodrigoeaf,,,,0.0,0.0,0.0,7.0
CD_Aula4,,,ronaldoabrao,,,,0.0,0.0,0.0,7.0
CD_Aula4,,,zmalhano,,,,0.0,0.0,0.0,7.0
CD_Aula4,,,rafaelssl,,,,0.0,0.0,0.0,7.0
CD_Aula4,,,luisssguilherme,,,,0.0,0.0,0.0,7.0
CD_Aula4,,,mlnunex,,,,0.0,0.0,0.0,7.0
CD_Aula4,,,leila2905,,,,0.0,0.0,0.0,7.0
CD_Aula4_v2,,,ronniedilli,,,,0.0,0.0,0.0,7.0
CD_Aula4_v2,,2020-08-21 19:13:33.997747,alexandrepratti,,,,7.0,0.0,7.0,7.0
CD_Aula4_v2,,,alexbenevento,,,,0.0,0.0,0.0,7.0
CD_Aula4_v2,,,alexlopespereira,,,,0.0,0.0,0.0,7.0
CD_Aula4_v2,,,antoniocruzjr,,,,0.0,0.0,0.0,7.0
CD_Aula4_v2,,2020-08-24 14:56:05.945345,arthuribge,,,,7.0,0.0,7.0,7.0
CD_Aula4_v2,,,augustog81,,,,0.0,0.0,0.0,7.0
CD_Aula4_v2,,2020-08-22 15:39:08.554858,fgottselig,,,,7.0,0.0,7.0,7.0
CD_Aula4_v2,,,fer-p,,,,0.0,0.0,0.0,7.0
CD_Aula4_v2,,,borracini,,,,0.0,0.0,0.0,7.0
CD_Aula4_v2,,,chfmartins,,,,0.0,0.0,0.0,7.0
CD_Aula4_v2,,,dermevaljr,,,,0.0,0.0,0.0,7.0
CD_Aula4_v2,,2020-08-25 18:30:13.254255,eduardojd,,,,7.0,0.0,7.0,7.0
CD_Aula4_v2,,2020-08-21 13:53:44.379614,euclidesfagundes,,,,0.0,0.0,0.0,7.0
CD_Aula4_v2,,,fabiolima-ww,,,,0.0,0.0,0.0,7.0
CD_Aula4_v2,,,gchehab,,,,0.0,0.0,0.0,7.0
CD_Aula4_v2,,,gustavomacedo20,,,,0.0,0.0,0.0,7.0
CD_Aula4_v2,,2020-08-21 22:34:52.021109,halisson-gomides,,,,6.0,0.0,6.0,7.0
CD_Aula4_v2,,,joaoluizrabelo,,,,0.0,0.0,0.0,7.0
CD_Aula4_v2,,,jrodrigosousa,,,,0.0,0.0,0.0,7.0
CD_Aula4_v2,,,lago1970,,,,0.0,0.0,0.0,7.0
CD_Aula4_v2,,2020-08-26 18:37:50.768388,marinarcaetano,,,,3.0,0.0,3.0,7.0
CD_Aula4_v2,,,matheusrizzo,,,,0.0,0.0,0.0,7.0
CD_Aula4_v2,,2020-08-22 23:21:21.081378,maxwelfreitas,,,,7.0,0.0,7.0,7.0
CD_Aula4_v2,,,maxwellmeneses,,,,0.0,0.0,0.0,7.0
CD_Aula4_v2,,,mlnunes,,,,0.0,0.0,0.0,7.0
CD_Aula4_v2,,,rasouzamail,,,,0.0,0.0,0.0,7.0
CD_Aula4_v2,,,renatobarbosamedeiros,,,,0.0,0.0,0.0,7.0
CD_Aula4_v2,,,rgildoaraujo,,,,0.0,0.0,0.0,7.0
CD_Aula4_v2,,,rmsantos84,,,,0.0,0.0,0.0,7.0
CD_Aula4_v2,,,rodrigoeaf,,,,0.0,0.0,0.0,7.0
CD_Aula4_v2,,,ronaldoabrao,,,,0.0,0.0,0.0,7.0
CD_Aula4_v2,,,zmalhano,,,,0.0,0.0,0.0,7.0
CD_Aula4_v2,,,rafaelssl,,,,0.0,0.0,0.0,7.0
CD_Aula4_v2,,,luisssguilherme,,,,0.0,0.0,0.0,7.0
CD_Aula4_v2,,,mlnunex,,,,0.0,0.0,0.0,7.0
CD_Aula4_v2,,,leila2905,,,,0.0,0.0,0.0,7.0
CD_Aula4_v3,,,ronniedilli,,,,0.0,0.0,0.0,7.0
CD_Aula4_v3,,,alexandrepratti,,,,0.0,0.0,0.0,7.0
CD_Aula4_v3,,,alexbenevento,,,,0.0,0.0,0.0,7.0
CD_Aula4_v3,,,alexlopespereira,,,,0.0,0.0,0.0,7.0
CD_Aula4_v3,,,antoniocruzjr,,,,0.0,0.0,0.0,7.0
CD_Aula4_v3,,,arthuribge,,,,0.0,0.0,0.0,7.0
CD_Aula4_v3,,,augustog81,,,,0.0,0.0,0.0,7.0
CD_Aula4_v3,,,fgottselig,,,,0.0,0.0,0.0,7.0
CD_Aula4_v3,,2020-08-24 13:29:22.158610,fer-p,,,,7.0,0.0,7.0,7.0
CD_Aula4_v3,,,borracini,,,,0.0,0.0,0.0,7.0
CD_Aula4_v3,,,chfmartins,,,,0.0,0.0,0.0,7.0
CD_Aula4_v3,,2020-08-23 00:30:48.698635,dermevaljr,,,,7.0,0.0,7.0,7.0
CD_Aula4_v3,,,eduardojd,,,,0.0,0.0,0.0,7.0
CD_Aula4_v3,,,euclidesfagundes,,,,0.0,0.0,0.0,7.0
CD_Aula4_v3,,,fabiolima-ww,,,,0.0,0.0,0.0,7.0
CD_Aula4_v3,,,gchehab,,,,0.0,0.0,0.0,7.0
CD_Aula4_v3,,,gustavomacedo20,,,,0.0,0.0,0.0,7.0
CD_Aula4_v3,,,halisson-gomides,,,,0.0,0.0,0.0,7.0
CD_Aula4_v3,,,joaoluizrabelo,,,,0.0,0.0,0.0,7.0
CD_Aula4_v3,,,jrodrigosousa,,,,0.0,0.0,0.0,7.0
CD_Aula4_v3,,,lago1970,,,,0.0,0.0,0.0,7.0
CD_Aula4_v3,,2020-08-26 18:37:46.179645,marinarcaetano,,,,6.0,0.0,6.0,7.0
CD_Aula4_v3,,,matheusrizzo,,,,0.0,0.0,0.0,7.0
CD_Aula4_v3,,,maxwelfreitas,,,,0.0,0.0,0.0,7.0
CD_Aula4_v3,,,maxwellmeneses,,,,0.0,0.0,0.0,7.0
CD_Aula4_v3,,,mlnunes,,,,0.0,0.0,0.0,7.0
CD_Aula4_v3,,,rasouzamail,,,,0.0,0.0,0.0,7.0
CD_Aula4_v3,,,renatobarbosamedeiros,,,,0.0,0.0,0.0,7.0
CD_Aula4_v3,,,rgildoaraujo,,,,0.0,0.0,0.0,7.0
CD_Aula4_v3,,,rmsantos84,,,,0.0,0.0,0.0,7.0
CD_Aula4_v3,,,rodrigoeaf,,,,0.0,0.0,0.0,7.0
CD_Aula4_v3,,,ronaldoabrao,,,,0.0,0.0,0.0,7.0
CD_Aula4_v3,,,zmalhano,,,,0.0,0.0,0.0,7.0
CD_Aula4_v3,,,rafaelssl,,,,0.0,0.0,0.0,7.0
CD_Aula4_v3,,,luisssguilherme,,,,0.0,0.0,0.0,7.0
CD_Aula4_v3,,2020-08-23 19:21:03.922348,mlnunex,,,,7.0,0.0,7.0,7.0
CD_Aula4_v3,,,leila2905,,,,0.0,0.0,0.0,7.0
CD_Aula4_v4,,,ronniedilli,,,,0.0,0.0,0.0,7.0
CD_Aula4_v4,,,alexandrepratti,,,,0.0,0.0,0.0,7.0
CD_Aula4_v4,,,alexbenevento,,,,0.0,0.0,0.0,7.0
CD_Aula4_v4,,,alexlopespereira,,,,0.0,0.0,0.0,7.0
CD_Aula4_v4,,,antoniocruzjr,,,,0.0,0.0,0.0,7.0
CD_Aula4_v4,,,arthuribge,,,,0.0,0.0,0.0,7.0
CD_Aula4_v4,,2020-08-28 11:08:11.492357,augustog81,,,,7.0,0.0,7.0,7.0
CD_Aula4_v4,,,fgottselig,,,,0.0,0.0,0.0,7.0
CD_Aula4_v4,,,fer-p,,,,0.0,0.0,0.0,7.0
CD_Aula4_v4,,,borracini,,,,0.0,0.0,0.0,7.0
CD_Aula4_v4,,,chfmartins,,,,0.0,0.0,0.0,7.0
CD_Aula4_v4,,,dermevaljr,,,,0.0,0.0,0.0,7.0
CD_Aula4_v4,,,eduardojd,,,,0.0,0.0,0.0,7.0
CD_Aula4_v4,,2020-08-24 11:52:56.409889,euclidesfagundes,,,,0.0,0.0,0.0,7.0
CD_Aula4_v4,,2020-08-26 01:04:33.140748,fabiolima-ww,,,,7.0,0.0,7.0,7.0
CD_Aula4_v4,,,gchehab,,,,0.0,0.0,0.0,7.0
CD_Aula4_v4,,2020-08-25 04:45:47.935530,gustavomacedo20,,,,7.0,0.0,7.0,7.0
CD_Aula4_v4,,2020-08-24 18:38:50.857993,halisson-gomides,,,,7.0,0.0,7.0,7.0
CD_Aula4_v4,,,joaoluizrabelo,,,,0.0,0.0,0.0,7.0
CD_Aula4_v4,,,jrodrigosousa,,,,0.0,0.0,0.0,7.0
CD_Aula4_v4,,,lago1970,,,,0.0,0.0,0.0,7.0
CD_Aula4_v4,,2020-08-26 18:37:41.617078,marinarcaetano,,,,1.0,0.0,1.0,7.0
CD_Aula4_v4,,,matheusrizzo,,,,0.0,0.0,0.0,7.0
CD_Aula4_v4,,,maxwelfreitas,,,,0.0,0.0,0.0,7.0
CD_Aula4_v4,,,maxwellmeneses,,,,0.0,0.0,0.0,7.0
CD_Aula4_v4,,,mlnunes,,,,0.0,0.0,0.0,7.0
CD_Aula4_v4,,,rasouzamail,,,,0.0,0.0,0.0,7.0
CD_Aula4_v4,,,renatobarbosamedeiros,,,,0.0,0.0,0.0,7.0
CD_Aula4_v4,,,rgildoaraujo,,,,0.0,0.0,0.0,7.0
CD_Aula4_v4,,2020-08-23 14:37:10.569625,rmsantos84,,,,7.0,0.0,7.0,7.0
CD_Aula4_v4,,2020-08-26 01:02:30.494031,rodrigoeaf,,,,7.0,0.0,7.0,7.0
CD_Aula4_v4,,2020-08-26 05:21:21.031663,ronaldoabrao,,,,7.0,0.0,7.0,7.0
CD_Aula4_v4,,2020-08-28 12:29:56.798392,zmalhano,,,,7.0,0.0,7.0,7.0
CD_Aula4_v4,,2020-08-25 00:23:10.750284,rafaelssl,,,,7.0,0.0,7.0,7.0
CD_Aula4_v4,,2020-08-29 16:44:29.166111,luisssguilherme,,,,7.0,0.0,7.0,7.0
CD_Aula4_v4,,,mlnunex,,,,0.0,0.0,0.0,7.0
CD_Aula4_v4,,,leila2905,,,,0.0,0.0,0.0,7.0
CD_Aula4_v6,,,ronniedilli,,,,0.0,0.0,0.0,7.0
CD_Aula4_v6,,,alexandrepratti,,,,0.0,0.0,0.0,7.0
CD_Aula4_v6,,,alexbenevento,,,,0.0,0.0,0.0,7.0
CD_Aula4_v6,,,alexlopespereira,,,,0.0,0.0,0.0,7.0
CD_Aula4_v6,,,antoniocruzjr,,,,0.0,0.0,0.0,7.0
CD_Aula4_v6,,,arthuribge,,,,0.0,0.0,0.0,7.0
CD_Aula4_v6,,,augustog81,,,,0.0,0.0,0.0,7.0
CD_Aula4_v6,,,fgottselig,,,,0.0,0.0,0.0,7.0
CD_Aula4_v6,,,fer-p,,,,0.0,0.0,0.0,7.0
CD_Aula4_v6,,,borracini,,,,0.0,0.0,0.0,7.0
CD_Aula4_v6,,,chfmartins,,,,0.0,0.0,0.0,7.0
CD_Aula4_v6,,,dermevaljr,,,,0.0,0.0,0.0,7.0
CD_Aula4_v6,,,eduardojd,,,,0.0,0.0,0.0,7.0
CD_Aula4_v6,,,euclidesfagundes,,,,0.0,0.0,0.0,7.0
CD_Aula4_v6,,,fabiolima-ww,,,,0.0,0.0,0.0,7.0
CD_Aula4_v6,,,gchehab,,,,0.0,0.0,0.0,7.0
CD_Aula4_v6,,,gustavomacedo20,,,,0.0,0.0,0.0,7.0
CD_Aula4_v6,,,halisson-gomides,,,,0.0,0.0,0.0,7.0
CD_Aula4_v6,,,joaoluizrabelo,,,,0.0,0.0,0.0,7.0
CD_Aula4_v6,,,jrodrigosousa,,,,0.0,0.0,0.0,7.0
CD_Aula4_v6,,,lago1970,,,,0.0,0.0,0.0,7.0
CD_Aula4_v6,,,marinarcaetano,,,,0.0,0.0,0.0,7.0
CD_Aula4_v6,,,matheusrizzo,,,,0.0,0.0,0.0,7.0
CD_Aula4_v6,,,maxwelfreitas,,,,0.0,0.0,0.0,7.0
CD_Aula4_v6,,,maxwellmeneses,,,,0.0,0.0,0.0,7.0
CD_Aula4_v6,,,mlnunes,,,,0.0,0.0,0.0,7.0
CD_Aula4_v6,,,rasouzamail,,,,0.0,0.0,0.0,7.0
CD_Aula4_v6,,,renatobarbosamedeiros,,,,0.0,0.0,0.0,7.0
CD_Aula4_v6,,,rgildoaraujo,,,,0.0,0.0,0.0,7.0
CD_Aula4_v6,,,rmsantos84,,,,0.0,0.0,0.0,7.0
CD_Aula4_v6,,,rodrigoeaf,,,,0.0,0.0,0.0,7.0
CD_Aula4_v6,,,ronaldoabrao,,,,0.0,0.0,0.0,7.0
CD_Aula4_v6,,,zmalhano,,,,0.0,0.0,0.0,7.0
CD_Aula4_v6,,,rafaelssl,,,,0.0,0.0,0.0,7.0
CD_Aula4_v6,,,luisssguilherme,,,,0.0,0.0,0.0,7.0
CD_Aula4_v6,,,mlnunex,,,,0.0,0.0,0.0,7.0
CD_Aula4_v6,,,leila2905,,,,0.0,0.0,0.0,7.0
CD_Aula5,,,ronniedilli,,,,0.0,0.0,0.0,4.0
CD_Aula5,,,alexandrepratti,,,,0.0,0.0,0.0,4.0
CD_Aula5,,,alexbenevento,,,,0.0,0.0,0.0,4.0
CD_Aula5,,,alexlopespereira,,,,0.0,0.0,0.0,4.0
CD_Aula5,,,antoniocruzjr,,,,0.0,0.0,0.0,4.0
CD_Aula5,,,arthuribge,,,,0.0,0.0,0.0,4.0
CD_Aula5,,,augustog81,,,,0.0,0.0,0.0,4.0
CD_Aula5,,,fgottselig,,,,0.0,0.0,0.0,4.0
CD_Aula5,,,fer-p,,,,0.0,0.0,0.0,4.0
CD_Aula5,,,borracini,,,,0.0,0.0,0.0,4.0
CD_Aula5,,,chfmartins,,,,0.0,0.0,0.0,4.0
CD_Aula5,,,dermevaljr,,,,0.0,0.0,0.0,4.0
CD_Aula5,,,eduardojd,,,,0.0,0.0,0.0,4.0
CD_Aula5,,2020-08-22 00:11:21.580462,euclidesfagundes,,,,0.0,0.0,0.0,4.0
CD_Aula5,,,fabiolima-ww,,,,0.0,0.0,0.0,4.0
CD_Aula5,,,gchehab,,,,0.0,0.0,0.0,4.0
CD_Aula5,,,gustavomacedo20,,,,0.0,0.0,0.0,4.0
CD_Aula5,,,halisson-gomides,,,,0.0,0.0,0.0,4.0
CD_Aula5,,,joaoluizrabelo,,,,0.0,0.0,0.0,4.0
CD_Aula5,,,jrodrigosousa,,,,0.0,0.0,0.0,4.0
CD_Aula5,,,lago1970,,,,0.0,0.0,0.0,4.0
CD_Aula5,,2020-08-26 18:37:37.078269,marinarcaetano,,,,2.0,0.0,2.0,4.0
CD_Aula5,,,matheusrizzo,,,,0.0,0.0,0.0,4.0
CD_Aula5,,,maxwelfreitas,,,,0.0,0.0,0.0,4.0
CD_Aula5,,,maxwellmeneses,,,,0.0,0.0,0.0,4.0
CD_Aula5,,,mlnunes,,,,0.0,0.0,0.0,4.0
CD_Aula5,,,rasouzamail,,,,0.0,0.0,0.0,4.0
CD_Aula5,,,renatobarbosamedeiros,,,,0.0,0.0,0.0,4.0
CD_Aula5,,,rgildoaraujo,,,,0.0,0.0,0.0,4.0
CD_Aula5,,,rmsantos84,,,,0.0,0.0,0.0,4.0
CD_Aula5,,,rodrigoeaf,,,,0.0,0.0,0.0,4.0
CD_Aula5,,,ronaldoabrao,,,,0.0,0.0,0.0,4.0
CD_Aula5,,,zmalhano,,,,0.0,0.0,0.0,4.0
CD_Aula5,,,rafaelssl,,,,0.0,0.0,0.0,4.0
CD_Aula5,,,luisssguilherme,,,,0.0,0.0,0.0,4.0
CD_Aula5,,,mlnunex,,,,0.0,0.0,0.0,4.0
CD_Aula5,,,leila2905,,,,0.0,0.0,0.0,4.0
CD_Aula5_v2,,,ronniedilli,,,,0.0,0.0,0.0,5.0
CD_Aula5_v2,,,alexandrepratti,,,,0.0,0.0,0.0,5.0
CD_Aula5_v2,,,alexbenevento,,,,0.0,0.0,0.0,5.0
CD_Aula5_v2,,,alexlopespereira,,,,0.0,0.0,0.0,5.0
CD_Aula5_v2,,,antoniocruzjr,,,,0.0,0.0,0.0,5.0
CD_Aula5_v2,,,arthuribge,,,,0.0,0.0,0.0,5.0
CD_Aula5_v2,,,augustog81,,,,0.0,0.0,0.0,5.0
CD_Aula5_v2,,,fgottselig,,,,0.0,0.0,0.0,5.0
CD_Aula5_v2,,,fer-p,,,,0.0,0.0,0.0,5.0
CD_Aula5_v2,,,borracini,,,,0.0,0.0,0.0,5.0
CD_Aula5_v2,,,chfmartins,,,,0.0,0.0,0.0,5.0
CD_Aula5_v2,,,dermevaljr,,,,0.0,0.0,0.0,5.0
CD_Aula5_v2,,,eduardojd,,,,0.0,0.0,0.0,5.0
CD_Aula5_v2,,,euclidesfagundes,,,,0.0,0.0,0.0,5.0
CD_Aula5_v2,,,fabiolima-ww,,,,0.0,0.0,0.0,5.0
CD_Aula5_v2,,,gchehab,,,,0.0,0.0,0.0,5.0
CD_Aula5_v2,,,gustavomacedo20,,,,0.0,0.0,0.0,5.0
CD_Aula5_v2,,,halisson-gomides,,,,0.0,0.0,0.0,5.0
CD_Aula5_v2,,,joaoluizrabelo,,,,0.0,0.0,0.0,5.0
CD_Aula5_v2,,,jrodrigosousa,,,,0.0,0.0,0.0,5.0
CD_Aula5_v2,,,lago1970,,,,0.0,0.0,0.0,5.0
CD_Aula5_v2,,,marinarcaetano,,,,0.0,0.0,0.0,5.0
CD_Aula5_v2,,,matheusrizzo,,,,0.0,0.0,0.0,5.0
CD_Aula5_v2,,,maxwelfreitas,,,,0.0,0.0,0.0,5.0
CD_Aula5_v2,,,maxwellmeneses,,,,0.0,0.0,0.0,5.0
CD_Aula5_v2,,,mlnunes,,,,0.0,0.0,0.0,5.0
CD_Aula5_v2,,,rasouzamail,,,,0.0,0.0,0.0,5.0
CD_Aula5_v2,,,renatobarbosamedeiros,,,,0.0,0.0,0.0,5.0
CD_Aula5_v2,,,rgildoaraujo,,,,0.0,0.0,0.0,5.0
CD_Aula5_v2,,,rmsantos84,,,,0.0,0.0,0.0,5.0
CD_Aula5_v2,,,rodrigoeaf,,,,0.0,0.0,0.0,5.0
CD_Aula5_v2,,,ronaldoabrao,,,,0.0,0.0,0.0,5.0
CD_Aula5_v2,,,zmalhano,,,,0.0,0.0,0.0,5.0
CD_Aula5_v2,,,rafaelssl,,,,0.0,0.0,0.0,5.0
CD_Aula5_v2,,,luisssguilherme,,,,0.0,0.0,0.0,5.0
CD_Aula5_v2,,,mlnunex,,,,0.0,0.0,0.0,5.0
CD_Aula5_v2,,,leila2905,,,,0.0,0.0,0.0,5.0
CD_Aula5_v3,,,ronniedilli,,,,0.0,0.0,0.0,5.0
CD_Aula5_v3,,,alexandrepratti,,,,0.0,0.0,0.0,5.0
CD_Aula5_v3,,,alexbenevento,,,,0.0,0.0,0.0,5.0
CD_Aula5_v3,,,alexlopespereira,,,,0.0,0.0,0.0,5.0
CD_Aula5_v3,,,antoniocruzjr,,,,0.0,0.0,0.0,5.0
CD_Aula5_v3,,,arthuribge,,,,0.0,0.0,0.0,5.0
CD_Aula5_v3,,,augustog81,,,,0.0,0.0,0.0,5.0
CD_Aula5_v3,,2020-08-25 12:23:33.946318,fgottselig,,,,5.0,0.0,5.0,5.0
CD_Aula5_v3,,2020-08-24 21:09:13.930356,fer-p,,,,5.0,0.0,5.0,5.0
CD_Aula5_v3,,,borracini,,,,0.0,0.0,0.0,5.0
CD_Aula5_v3,,,chfmartins,,,,0.0,0.0,0.0,5.0
CD_Aula5_v3,,,dermevaljr,,,,0.0,0.0,0.0,5.0
CD_Aula5_v3,,2020-08-28 11:17:11.023944,eduardojd,,,,2.0,0.0,2.0,5.0
CD_Aula5_v3,,2020-08-24 11:53:00.520991,euclidesfagundes,,,,0.0,0.0,0.0,5.0
CD_Aula5_v3,,,fabiolima-ww,,,,0.0,0.0,0.0,5.0
CD_Aula5_v3,,2020-08-24 13:40:21.674873,gchehab,,,,5.0,0.0,5.0,5.0
CD_Aula5_v3,,,gustavomacedo20,,,,0.0,0.0,0.0,5.0
CD_Aula5_v3,,,halisson-gomides,,,,0.0,0.0,0.0,5.0
CD_Aula5_v3,,,joaoluizrabelo,,,,0.0,0.0,0.0,5.0
CD_Aula5_v3,,,jrodrigosousa,,,,0.0,0.0,0.0,5.0
CD_Aula5_v3,,,lago1970,,,,0.0,0.0,0.0,5.0
CD_Aula5_v3,,2020-08-26 18:37:32.570459,marinarcaetano,,,,5.0,0.0,5.0,5.0
CD_Aula5_v3,,,matheusrizzo,,,,0.0,0.0,0.0,5.0
CD_Aula5_v3,,2020-08-28 11:12:41.294363,maxwelfreitas,,,,5.0,0.0,5.0,5.0
CD_Aula5_v3,,,maxwellmeneses,,,,0.0,0.0,0.0,5.0
CD_Aula5_v3,,,mlnunes,,,,0.0,0.0,0.0,5.0
CD_Aula5_v3,,,rasouzamail,,,,0.0,0.0,0.0,5.0
CD_Aula5_v3,,,renatobarbosamedeiros,,,,0.0,0.0,0.0,5.0
CD_Aula5_v3,,,rgildoaraujo,,,,0.0,0.0,0.0,5.0
CD_Aula5_v3,,2020-08-23 14:37:29.761346,rmsantos84,,,,4.0,0.0,4.0,5.0
CD_Aula5_v3,,,rodrigoeaf,,,,0.0,0.0,0.0,5.0
CD_Aula5_v3,,,ronaldoabrao,,,,0.0,0.0,0.0,5.0
CD_Aula5_v3,,,zmalhano,,,,0.0,0.0,0.0,5.0
CD_Aula5_v3,,2020-08-29 21:59:17.651916,rafaelssl,,,,0.0,0.0,0.0,5.0
CD_Aula5_v3,,,luisssguilherme,,,,0.0,0.0,0.0,5.0
CD_Aula5_v3,,2020-08-24 16:01:02.383759,mlnunex,,,,5.0,0.0,5.0,5.0
CD_Aula5_v3,,,leila2905,,,,0.0,0.0,0.0,5.0
CD_Aula5_v4,,,ronniedilli,,,,0.0,0.0,0.0,5.0
CD_Aula5_v4,,2020-08-25 02:25:05.220239,alexandrepratti,,,,5.0,0.0,5.0,5.0
CD_Aula5_v4,,,alexbenevento,,,,0.0,0.0,0.0,5.0
CD_Aula5_v4,,,alexlopespereira,,,,0.0,0.0,0.0,5.0
CD_Aula5_v4,,,antoniocruzjr,,,,0.0,0.0,0.0,5.0
CD_Aula5_v4,,2020-08-24 23:39:41.793377,arthuribge,,,,5.0,0.0,5.0,5.0
CD_Aula5_v4,,2020-08-26 16:11:36.122048,augustog81,,,,4.0,0.0,4.0,5.0
CD_Aula5_v4,,,fgottselig,,,,0.0,0.0,0.0,5.0
CD_Aula5_v4,,,fer-p,,,,0.0,0.0,0.0,5.0
CD_Aula5_v4,,,borracini,,,,0.0,0.0,0.0,5.0
CD_Aula5_v4,,,chfmartins,,,,0.0,0.0,0.0,5.0
CD_Aula5_v4,,2020-08-28 16:18:31.154580,dermevaljr,,,,5.0,0.0,5.0,5.0
CD_Aula5_v4,,,eduardojd,,,,0.0,0.0,0.0,5.0
CD_Aula5_v4,,,euclidesfagundes,,,,0.0,0.0,0.0,5.0
CD_Aula5_v4,,,fabiolima-ww,,,,0.0,0.0,0.0,5.0
CD_Aula5_v4,,,gchehab,,,,0.0,0.0,0.0,5.0
CD_Aula5_v4,,2020-08-27 04:00:35.430721,gustavomacedo20,,,,5.0,0.0,5.0,5.0
CD_Aula5_v4,,2020-08-25 19:32:35.841147,halisson-gomides,,,,4.0,0.0,4.0,5.0
CD_Aula5_v4,,,joaoluizrabelo,,,,0.0,0.0,0.0,5.0
CD_Aula5_v4,,2020-08-27 00:44:59.491060,jrodrigosousa,,,,4.0,0.0,4.0,5.0
CD_Aula5_v4,,,lago1970,,,,0.0,0.0,0.0,5.0
CD_Aula5_v4,,,marinarcaetano,,,,0.0,0.0,0.0,5.0
CD_Aula5_v4,,,matheusrizzo,,,,0.0,0.0,0.0,5.0
CD_Aula5_v4,,,maxwelfreitas,,,,0.0,0.0,0.0,5.0
CD_Aula5_v4,,,maxwellmeneses,,,,0.0,0.0,0.0,5.0
CD_Aula5_v4,,,mlnunes,,,,0.0,0.0,0.0,5.0
CD_Aula5_v4,,2020-08-28 20:16:21.467290,rasouzamail,,,,5.0,0.0,5.0,5.0
CD_Aula5_v4,,,renatobarbosamedeiros,,,,0.0,0.0,0.0,5.0
CD_Aula5_v4,,,rgildoaraujo,,,,0.0,0.0,0.0,5.0
CD_Aula5_v4,,2020-08-24 17:31:15.557244,rmsantos84,,,,5.0,0.0,5.0,5.0
CD_Aula5_v4,,,rodrigoeaf,,,,0.0,0.0,0.0,5.0
CD_Aula5_v4,,,ronaldoabrao,,,,0.0,0.0,0.0,5.0
CD_Aula5_v4,,,zmalhano,,,,0.0,0.0,0.0,5.0
CD_Aula5_v4,,2020-08-29 22:05:46.600297,rafaelssl,,,,5.0,0.0,5.0,5.0
CD_Aula5_v4,,2020-08-29 19:19:12.950298,luisssguilherme,,,,5.0,0.0,5.0,5.0
CD_Aula5_v4,,,mlnunex,,,,0.0,0.0,0.0,5.0
CD_Aula5_v4,,,leila2905,,,,0.0,0.0,0.0,5.0
CD_Aula6,,,ronniedilli,,,,0.0,0.0,0.0,12.0
CD_Aula6,,2020-08-28 02:17:35.055970,alexandrepratti,,,,2.0,0.0,2.0,12.0
CD_Aula6,,,alexbenevento,,,,0.0,0.0,0.0,12.0
CD_Aula6,,,alexlopespereira,,,,0.0,0.0,0.0,12.0
CD_Aula6,,,antoniocruzjr,,,,0.0,0.0,0.0,12.0
CD_Aula6,,2020-08-27 10:25:48.008759,arthuribge,,,,2.0,0.0,2.0,12.0
CD_Aula6,,,augustog81,,,,0.0,0.0,0.0,12.0
CD_Aula6,,2020-08-27 23:16:58.998113,fgottselig,,,,2.0,0.0,2.0,12.0
CD_Aula6,,,fer-p,,,,0.0,0.0,0.0,12.0
CD_Aula6,,,borracini,,,,0.0,0.0,0.0,12.0
CD_Aula6,,,chfmartins,,,,0.0,0.0,0.0,12.0
CD_Aula6,,2020-08-29 00:52:55.227477,dermevaljr,,,,2.0,0.0,2.0,12.0
CD_Aula6,,2020-08-28 11:17:28.399663,eduardojd,,,,2.0,0.0,2.0,12.0
CD_Aula6,,,euclidesfagundes,,,,0.0,0.0,0.0,12.0
CD_Aula6,,,fabiolima-ww,,,,0.0,0.0,0.0,12.0
CD_Aula6,,2020-08-26 12:21:09.727277,gchehab,,,,2.0,0.0,2.0,12.0
CD_Aula6,,,gustavomacedo20,,,,0.0,0.0,0.0,12.0
CD_Aula6,,2020-08-26 15:49:05.255688,halisson-gomides,,,,2.0,0.0,2.0,12.0
CD_Aula6,,,joaoluizrabelo,,,,0.0,0.0,0.0,12.0
CD_Aula6,,2020-08-27 00:45:37.733630,jrodrigosousa,,,,2.0,0.0,2.0,12.0
CD_Aula6,,,lago1970,,,,0.0,0.0,0.0,12.0
CD_Aula6,,2020-08-26 18:37:28.123526,marinarcaetano,,,,2.0,0.0,2.0,12.0
CD_Aula6,,,matheusrizzo,,,,0.0,0.0,0.0,12.0
CD_Aula6,,,maxwelfreitas,,,,0.0,0.0,0.0,12.0
CD_Aula6,,,maxwellmeneses,,,,0.0,0.0,0.0,12.0
CD_Aula6,,,mlnunes,,,,0.0,0.0,0.0,12.0
CD_Aula6,,,rasouzamail,,,,0.0,0.0,0.0,12.0
CD_Aula6,,,renatobarbosamedeiros,,,,0.0,0.0,0.0,12.0
CD_Aula6,,,rgildoaraujo,,,,0.0,0.0,0.0,12.0
CD_Aula6,,2020-08-26 15:39:32.669985,rmsantos84,,,,2.0,0.0,2.0,12.0
CD_Aula6,,,rodrigoeaf,,,,0.0,0.0,0.0,12.0
CD_Aula6,,,ronaldoabrao,,,,0.0,0.0,0.0,12.0
CD_Aula6,,,zmalhano,,,,0.0,0.0,0.0,12.0
CD_Aula6,,,rafaelssl,,,,0.0,0.0,0.0,12.0
CD_Aula6,,,luisssguilherme,,,,0.0,0.0,0.0,12.0
CD_Aula6,,,mlnunex,,,,0.0,0.0,0.0,12.0
CD_Aula6,,,leila2905,,,,0.0,0.0,0.0,12.0
CD_Aula7,,,ronniedilli,,,,0.0,0.0,0.0,12.0
CD_Aula7,,,alexandrepratti,,,,0.0,0.0,0.0,12.0
CD_Aula7,,,alexbenevento,,,,0.0,0.0,0.0,12.0
CD_Aula7,,,alexlopespereira,,,,0.0,0.0,0.0,12.0
CD_Aula7,,,antoniocruzjr,,,,0.0,0.0,0.0,12.0
CD_Aula7,,,arthuribge,,,,0.0,0.0,0.0,12.0
CD_Aula7,,,augustog81,,,,0.0,0.0,0.0,12.0
CD_Aula7,,,fgottselig,,,,0.0,0.0,0.0,12.0
CD_Aula7,,,fer-p,,,,0.0,0.0,0.0,12.0
CD_Aula7,,,borracini,,,,0.0,0.0,0.0,12.0
CD_Aula7,,,chfmartins,,,,0.0,0.0,0.0,12.0
CD_Aula7,,,dermevaljr,,,,0.0,0.0,0.0,12.0
CD_Aula7,,,eduardojd,,,,0.0,0.0,0.0,12.0
CD_Aula7,,,euclidesfagundes,,,,0.0,0.0,0.0,12.0
CD_Aula7,,,fabiolima-ww,,,,0.0,0.0,0.0,12.0
CD_Aula7,,,gchehab,,,,0.0,0.0,0.0,12.0
CD_Aula7,,,gustavomacedo20,,,,0.0,0.0,0.0,12.0
CD_Aula7,,,halisson-gomides,,,,0.0,0.0,0.0,12.0
CD_Aula7,,,joaoluizrabelo,,,,0.0,0.0,0.0,12.0
CD_Aula7,,2020-08-28 01:49:04.769112,jrodrigosousa,,,,0.0,0.0,0.0,12.0
CD_Aula7,,,lago1970,,,,0.0,0.0,0.0,12.0
CD_Aula7,,,marinarcaetano,,,,0.0,0.0,0.0,12.0
CD_Aula7,,,matheusrizzo,,,,0.0,0.0,0.0,12.0
CD_Aula7,,,maxwelfreitas,,,,0.0,0.0,0.0,12.0
CD_Aula7,,,maxwellmeneses,,,,0.0,0.0,0.0,12.0
CD_Aula7,,,mlnunes,,,,0.0,0.0,0.0,12.0
CD_Aula7,,,rasouzamail,,,,0.0,0.0,0.0,12.0
CD_Aula7,,,renatobarbosamedeiros,,,,0.0,0.0,0.0,12.0
CD_Aula7,,,rgildoaraujo,,,,0.0,0.0,0.0,12.0
CD_Aula7,,,rmsantos84,,,,0.0,0.0,0.0,12.0
CD_Aula7,,,rodrigoeaf,,,,0.0,0.0,0.0,12.0
CD_Aula7,,,ronaldoabrao,,,,0.0,0.0,0.0,12.0
CD_Aula7,,,zmalhano,,,,0.0,0.0,0.0,12.0
CD_Aula7,,,rafaelssl,,,,0.0,0.0,0.0,12.0
CD_Aula7,,,luisssguilherme,,,,0.0,0.0,0.0,12.0
CD_Aula7,,,mlnunex,,,,0.0,0.0,0.0,12.0
CD_Aula7,,,leila2905,,,,0.0,0.0,0.0,12.0
CD_Aula7_v2,,,ronniedilli,,,,0.0,0.0,0.0,12.0
CD_Aula7_v2,,2020-08-28 02:43:01.668302,alexandrepratti,,,,0.0,0.0,0.0,12.0
CD_Aula7_v2,,,alexbenevento,,,,0.0,0.0,0.0,12.0
CD_Aula7_v2,,,alexlopespereira,,,,0.0,0.0,0.0,12.0
CD_Aula7_v2,,,antoniocruzjr,,,,0.0,0.0,0.0,12.0
CD_Aula7_v2,,2020-08-29 22:14:47.663534,arthuribge,,,,0.0,0.0,0.0,12.0
CD_Aula7_v2,,,augustog81,,,,0.0,0.0,0.0,12.0
CD_Aula7_v2,,,fgottselig,,,,0.0,0.0,0.0,12.0
CD_Aula7_v2,,,fer-p,,,,0.0,0.0,0.0,12.0
CD_Aula7_v2,,,borracini,,,,0.0,0.0,0.0,12.0
CD_Aula7_v2,,,chfmartins,,,,0.0,0.0,0.0,12.0
CD_Aula7_v2,,2020-08-30 00:28:14.526241,dermevaljr,,,,0.0,0.0,0.0,12.0
CD_Aula7_v2,,2020-08-28 11:18:07.362426,eduardojd,,,,0.0,0.0,0.0,12.0
CD_Aula7_v2,,2020-08-27 13:08:43.716491,euclidesfagundes,,,,0.0,0.0,0.0,12.0
CD_Aula7_v2,,,fabiolima-ww,,,,0.0,0.0,0.0,12.0
CD_Aula7_v2,,2020-08-28 15:50:20.675500,gchehab,,,,0.0,0.0,0.0,12.0
CD_Aula7_v2,,,gustavomacedo20,,,,0.0,0.0,0.0,12.0
CD_Aula7_v2,,2020-08-28 12:12:40.325534,halisson-gomides,,,,0.0,0.0,0.0,12.0
CD_Aula7_v2,,,joaoluizrabelo,,,,0.0,0.0,0.0,12.0
CD_Aula7_v2,,,jrodrigosousa,,,,0.0,0.0,0.0,12.0
CD_Aula7_v2,,,lago1970,,,,0.0,0.0,0.0,12.0
CD_Aula7_v2,,,marinarcaetano,,,,0.0,0.0,0.0,12.0
CD_Aula7_v2,,,matheusrizzo,,,,0.0,0.0,0.0,12.0
CD_Aula7_v2,,,maxwelfreitas,,,,0.0,0.0,0.0,12.0
CD_Aula7_v2,,,maxwellmeneses,,,,0.0,0.0,0.0,12.0
CD_Aula7_v2,,,mlnunes,,,,0.0,0.0,0.0,12.0
CD_Aula7_v2,,2020-08-28 04:19:18.189323,rasouzamail,,,,0.0,0.0,0.0,12.0
CD_Aula7_v2,,,renatobarbosamedeiros,,,,0.0,0.0,0.0,12.0
CD_Aula7_v2,,,rgildoaraujo,,,,0.0,0.0,0.0,12.0
CD_Aula7_v2,,,rmsantos84,,,,0.0,0.0,0.0,12.0
CD_Aula7_v2,,,rodrigoeaf,,,,0.0,0.0,0.0,12.0
CD_Aula7_v2,,,ronaldoabrao,,,,0.0,0.0,0.0,12.0
CD_Aula7_v2,,,zmalhano,,,,0.0,0.0,0.0,12.0
CD_Aula7_v2,,,rafaelssl,,,,0.0,0.0,0.0,12.0
CD_Aula7_v2,,,luisssguilherme,,,,0.0,0.0,0.0,12.0
CD_Aula7_v2,,,mlnunex,,,,0.0,0.0,0.0,12.0
CD_Aula7_v2,,,leila2905,,,,0.0,0.0,0.0,12.0
CD_Aula8,,,ronniedilli,,,,0.0,0.0,0.0,2.0
CD_Aula8,,,alexandrepratti,,,,0.0,0.0,0.0,2.0
CD_Aula8,,,alexbenevento,,,,0.0,0.0,0.0,2.0
CD_Aula8,,,alexlopespereira,,,,0.0,0.0,0.0,2.0
CD_Aula8,,,antoniocruzjr,,,,0.0,0.0,0.0,2.0
CD_Aula8,,,arthuribge,,,,0.0,0.0,0.0,2.0
CD_Aula8,,,augustog81,,,,0.0,0.0,0.0,2.0
CD_Aula8,,,fgottselig,,,,0.0,0.0,0.0,2.0
CD_Aula8,,,fer-p,,,,0.0,0.0,0.0,2.0
CD_Aula8,,,borracini,,,,0.0,0.0,0.0,2.0
CD_Aula8,,,chfmartins,,,,0.0,0.0,0.0,2.0
CD_Aula8,,,dermevaljr,,,,0.0,0.0,0.0,2.0
CD_Aula8,,,eduardojd,,,,0.0,0.0,0.0,2.0
CD_Aula8,,,euclidesfagundes,,,,0.0,0.0,0.0,2.0
CD_Aula8,,,fabiolima-ww,,,,0.0,0.0,0.0,2.0
CD_Aula8,,,gchehab,,,,0.0,0.0,0.0,2.0
CD_Aula8,,,gustavomacedo20,,,,0.0,0.0,0.0,2.0
CD_Aula8,,,halisson-gomides,,,,0.0,0.0,0.0,2.0
CD_Aula8,,,joaoluizrabelo,,,,0.0,0.0,0.0,2.0
CD_Aula8,,,jrodrigosousa,,,,0.0,0.0,0.0,2.0
CD_Aula8,,,lago1970,,,,0.0,0.0,0.0,2.0
CD_Aula8,,,marinarcaetano,,,,0.0,0.0,0.0,2.0
CD_Aula8,,,matheusrizzo,,,,0.0,0.0,0.0,2.0
CD_Aula8,,,maxwelfreitas,,,,0.0,0.0,0.0,2.0
CD_Aula8,,,maxwellmeneses,,,,0.0,0.0,0.0,2.0
CD_Aula8,,,mlnunes,,,,0.0,0.0,0.0,2.0
CD_Aula8,,,rasouzamail,,,,0.0,0.0,0.0,2.0
CD_Aula8,,,renatobarbosamedeiros,,,,0.0,0.0,0.0,2.0
CD_Aula8,,,rgildoaraujo,,,,0.0,0.0,0.0,2.0
CD_Aula8,,,rmsantos84,,,,0.0,0.0,0.0,2.0
CD_Aula8,,,rodrigoeaf,,,,0.0,0.0,0.0,2.0
CD_Aula8,,,ronaldoabrao,,,,0.0,0.0,0.0,2.0
CD_Aula8,,,zmalhano,,,,0.0,0.0,0.0,2.0
CD_Aula8,,,rafaelssl,,,,0.0,0.0,0.0,2.0
CD_Aula8,,,luisssguilherme,,,,0.0,0.0,0.0,2.0
CD_Aula8,,,mlnunex,,,,0.0,0.0,0.0,2.0
CD_Aula8,,,leila2905,,,,0.0,0.0,0.0,2.0
CD_TrabalhoFinal,,,ronniedilli,,,,0.0,0.0,0.0,4.0
CD_TrabalhoFinal,,,alexandrepratti,,,,0.0,0.0,0.0,4.0
CD_TrabalhoFinal,,,alexbenevento,,,,0.0,0.0,0.0,4.0
CD_TrabalhoFinal,,,alexlopespereira,,,,0.0,0.0,0.0,4.0
CD_TrabalhoFinal,,,antoniocruzjr,,,,0.0,0.0,0.0,4.0
CD_TrabalhoFinal,,,arthuribge,,,,0.0,0.0,0.0,4.0
CD_TrabalhoFinal,,,augustog81,,,,0.0,0.0,0.0,4.0
CD_TrabalhoFinal,,,fgottselig,,,,0.0,0.0,0.0,4.0
CD_TrabalhoFinal,,,fer-p,,,,0.0,0.0,0.0,4.0
CD_TrabalhoFinal,,,borracini,,,,0.0,0.0,0.0,4.0
CD_TrabalhoFinal,,,chfmartins,,,,0.0,0.0,0.0,4.0
CD_TrabalhoFinal,,,dermevaljr,,,,0.0,0.0,0.0,4.0
CD_TrabalhoFinal,,,eduardojd,,,,0.0,0.0,0.0,4.0
CD_TrabalhoFinal,,,euclidesfagundes,,,,0.0,0.0,0.0,4.0
CD_TrabalhoFinal,,,fabiolima-ww,,,,0.0,0.0,0.0,4.0
CD_TrabalhoFinal,,,gchehab,,,,0.0,0.0,0.0,4.0
CD_TrabalhoFinal,,,gustavomacedo20,,,,0.0,0.0,0.0,4.0
CD_TrabalhoFinal,,,halisson-gomides,,,,0.0,0.0,0.0,4.0
CD_TrabalhoFinal,,,joaoluizrabelo,,,,0.0,0.0,0.0,4.0
CD_TrabalhoFinal,,,jrodrigosousa,,,,0.0,0.0,0.0,4.0
CD_TrabalhoFinal,,,lago1970,,,,0.0,0.0,0.0,4.0
CD_TrabalhoFinal,,,marinarcaetano,,,,0.0,0.0,0.0,4.0
CD_TrabalhoFinal,,,matheusrizzo,,,,0.0,0.0,0.0,4.0
CD_TrabalhoFinal,,,maxwelfreitas,,,,0.0,0.0,0.0,4.0
CD_TrabalhoFinal,,,maxwellmeneses,,,,0.0,0.0,0.0,4.0
CD_TrabalhoFinal,,,mlnunes,,,,0.0,0.0,0.0,4.0
CD_TrabalhoFinal,,,rasouzamail,,,,0.0,0.0,0.0,4.0
CD_TrabalhoFinal,,,renatobarbosamedeiros,,,,0.0,0.0,0.0,4.0
CD_TrabalhoFinal,,,rgildoaraujo,,,,0.0,0.0,0.0,4.0
CD_TrabalhoFinal,,,rmsantos84,,,,0.0,0.0,0.0,4.0
CD_TrabalhoFinal,,,rodrigoeaf,,,,0.0,0.0,0.0,4.0
CD_TrabalhoFinal,,,ronaldoabrao,,,,0.0,0.0,0.0,4.0
CD_TrabalhoFinal,,,zmalhano,,,,0.0,0.0,0.0,4.0
CD_TrabalhoFinal,,,rafaelssl,,,,0.0,0.0,0.0,4.0
CD_TrabalhoFinal,,,luisssguilherme,,,,0.0,0.0,0.0,4.0
CD_TrabalhoFinal,,,mlnunex,,,,0.0,0.0,0.0,4.0
CD_TrabalhoFinal,,,leila2905,,,,0.0,0.0,0.0,4.0
